FD,RMSE,UPE,MonoViolation,SlopeRMSE
FD1,13.901512,405.8073970579098,0.874324798380653,21.15295470208596
